{
    "exportFormatVersion": 2,
    "exportTime": "2022-12-30 02:26:47",
    "containerVersion": {
        "path": "accounts/6067369948/containers/99418317/versions/1",
        "accountId": "6067369948",
        "containerId": "99418317",
        "containerVersionId": "1",
        "name": "Empty Container",
        "container": {
            "path": "accounts/6067369948/containers/99418317",
            "accountId": "6067369948",
            "containerId": "99418317",
            "name": "com.amway.hub.phone.hk",
            "publicId": "GTM-PNN55ZW",
            "usageContext": [
                "ANDROID_SDK_5"
            ],
            "fingerprint": "1672367199971",
            "tagManagerUrl": "https://tagmanager.google.com/#/container/accounts/6067369948/containers/99418317/workspaces?apiLink=container",
            "features": {
                "supportUserPermissions": true,
                "supportEnvironments": true,
                "supportWorkspaces": true,
                "supportGtagConfigs": false,
                "supportBuiltInVariables": true,
                "supportClients": false,
                "supportFolders": true,
                "supportTags": true,
                "supportTemplates": true,
                "supportTriggers": true,
                "supportVariables": true,
                "supportVersions": true,
                "supportZones": true
            },
            "tagIds": [
                "GTM-PNN55ZW"
            ]
        },
        "builtInVariable": [
            {
                "accountId": "6067369948",
                "containerId": "99418317",
                "type": "APP_ID",
                "name": "App ID"
            },
            {
                "accountId": "6067369948",
                "containerId": "99418317",
                "type": "APP_NAME",
                "name": "App Name"
            },
            {
                "accountId": "6067369948",
                "containerId": "99418317",
                "type": "APP_VERSION_CODE",
                "name": "App Version Code"
            },
            {
                "accountId": "6067369948",
                "containerId": "99418317",
                "type": "APP_VERSION_NAME",
                "name": "App Version Name"
            },
            {
                "accountId": "6067369948",
                "containerId": "99418317",
                "type": "EVENT_NAME",
                "name": "Event Name"
            }
        ],
        "fingerprint": "1672210588424",
        "tagManagerUrl": "https://tagmanager.google.com/#/versions/accounts/6067369948/containers/99418317/versions/1?apiLink=version"
    }
}